Accreditation code,Power station name,State,Postcode,Installed capacity (MW),Fuel Source (s),Accreditation start date,Approval date
SRPXNSP1,Woolworths Forster 1177 - Solar - NSW,NSW,2428,0.326,Solar,23/10/2023,5/01/2024
SRPVNT76,Woolworths Leanyer 5659 - Solar - NT,NT,0812,0.220,Solar,25/09/2023,5/01/2024
SRPVSAU7,Woolworths Mt Barker South 5098 - Solar - SA,SA,5251,0.237,Solar,23/10/2023,5/01/2024
SRPXQL52,Woolworths Sandgate 2605 - Solar - QLD,QLD,4017,0.271,Solar,28/09/2023,5/01/2024
SRPXQL57,Bunnings Hervey Bay - Solar - QLD,QLD,4655,0.500,Solar,19/10/2023,9/01/2024
SRPXVCC5,OLERS-Village Dairy-Solar-VIC,VIC,3844,0.300,Solar,1/05/2023,9/01/2024
SRPXQL64,Vaxxas Hamilton - Solar w SGU - QLD,QLD,4007,0.198,Solar,1/11/2023,9/01/2024
SRPXQL43,19th Avenue Shopping Centre Elanora - Solar w SGU - QLD,QLD,4221,0.250,Solar,13/09/2023,10/01/2024
SRPVSAV2,Woolworths Naracoorte 5602 - Solar - SA,SA,5271,0.275,Solar,17/11/2023,10/01/2024
SRPXQL63,115 Frederick Street - Solar - QLD,QLD,4013,0.292,Solar,2/11/2023,17/01/2024
SRPXNSI5,AU058 - Bungaribee Industrial Estate - Metcash - Solar - NSW,NSW,2766,0.782,Solar,8/06/2023,17/01/2024
SRPXNSQ4,AU169 GOOD107 Goodman Oakdale West 2A - Solar - NSW,NSW,2178,0.750,Solar,28/11/2023,17/01/2024
SRPXVCI9,AU729 Chifley BP 5ChifleyDr - Solar - VIC,VIC,3194,0.249,Solar,21/12/2023,17/01/2024
SRPXNSN6,Bathurst - Solar -NSW,NSW,2795,0.664,Solar,26/09/2023,17/01/2024
SRPXNSM2,Bingo MPC2 - Solar - NSW,NSW,2766,1.049,Solar,5/09/2023,17/01/2024
SRPVNT73,CCEP Darwin - Solar - NT,NT,0822,0.266,Solar,13/02/2023,17/01/2024
SRPXVCJ0,AU729 Chifley BP 3Federation - Solar - VIC,VIC,3194,0.156,Solar,21/12/2023,19/01/2024
SRPVWAJ2,Cue -Renewable Energy Facility-Solar -WA,WA,6640,0.259,Solar,3/11/2023,24/01/2024
SRPXNSN4,Dimmar Pendle Hill - Solar w SGU - NSW,NSW,2145,0.193,Solar,25/09/2023,24/01/2024
SRPXVCD6,Rivercrest Christian College - Solar w SGU - VIC,VIC,3978,0.190,Solar,23/06/2023,25/01/2024
SRPVWAJ8,Yalgoo Renewable Energy Facility - Solar and BESS - WA,WA,6635,0.214,Solar,27/06/2023,25/01/2024
SRPXVCI0,My Muscle Chef - Yennora - Solar w SGU - NSW,NSW,2161,0.550,Solar,17/01/2024,29/01/2024
SRPXQL84,Woolworths Ayr 2563 - Solar - QLD,QLD,4807,0.216,Solar,16/01/2024,29/01/2024
SRPXNSO6,AU144/178 Oakdale West 3B1 - Solar - NSW,NSW,2178,0.250,Solar,16/10/2023,30/01/2024
SRPXVCJ4,Austral Plant Services Dandenong Ext � Solar w SGU � VIC,VIC,3175,0.180,Solar,16/01/2024,30/01/2024
SRPVQLV1,Mareeba Water Treatment Plant - Solar - QLD,QLD,4880,0.144,Solar,3/03/2022,30/01/2024
SRPXNSS7,PEPE'S DUCKS HAM ST - SOLAR - NSW,NSW,2756,0.205,Solar,18/01/2024,30/01/2024
SRPXNSS9,Signature Care Wagga Wagga Community Aged Care w SGU - Solar - NSW,NSW,2650,0.200,Solar,22/01/2024,30/01/2024
SRPVQLZ4,Woolworths Redland Bay Shopping Centre 2714 - Solar - QLD,QLD,4165,0.200,Solar,14/03/2023,30/01/2024
SRPXNSG8,AU525 Oakdale Industrial Estate WH1&2 - Solar - NSW,NSW,2178,0.640,Solar,18/04/2023,2/02/2024
SRPXVCE4,Cutri Fruit - Solar w SGU - VIC,VIC,3589,0.189,Solar,30/06/2023,2/02/2024
SRPXVCG5,DHLS Truganina WH2 - Solar - VIC,VIC,3029,0.200,Solar,21/09/2023,2/02/2024
SRPXQL91,Logan Rd Upper Mount Gravatt - Solar - QLD,QLD,4122,0.346,Solar,24/01/2024,2/02/2024
SRPVQLV2,Mareeba Wastewater Plant - Solar PV - QLD,QLD,4880,0.130,Solar,4/03/2022,2/02/2024
SRPXQL09,RNA Showgrounds Bowen Hills - Solar w SGU - QLD,QLD,4006,0.601,Solar,15/06/2023,2/02/2024
SRPXNSF5,Roseville College - Solar PV w SGU - NSW,NSW,2069,0.237,Solar,1/03/2023,2/02/2024
SRPXNST0,MWSC Microgrid - Solar - NSW,NSW,2647,0.351,Solar,25/01/2024,5/02/2024
SRPXQL44,28 Weyba St - Solar - QLD,QLD,4014,0.149,Solar,3/10/2023,9/02/2024
SRPXQL85,Blue Care Carina - Solar - QLD,QLD,4152,0.368,Solar,22/01/2024,9/02/2024
SRPXQL87,Blue Care Mt Louisa - Solar w SGU - QLD,QLD,4814,0.322,Solar,22/01/2024,9/02/2024
SRPXQL86,Blue Care Redcliffe - Solar w SGU - QLD,QLD,4020,0.220,Solar,22/01/2024,9/02/2024
SRPVTA21,Bunnings Burnie - Solar - TAS,TAS,7320,0.220,Solar,24/10/2023,9/02/2024
SRPVTA22,Bunnings Glenorchy - Solar - TAS,TAS,7010,0.400,Solar,24/10/2023,9/02/2024
SRPXNSP2,Bunnings Narellan - Solar - NSW,NSW,2567,0.160,Solar,24/10/2023,9/02/2024
SRPXNSQ7,Charter Hall Eastern Creek-Solar-NSW,NSW,2766,2.000,Solar,4/12/2023,9/02/2024
SRPXNST4,COCHLEAR LANE COVE CARPORT - SOLAR - NSW,NSW,2066,0.438,Solar,2/02/2024,9/02/2024
SRPXVCD8,"Cooper St, Epping - Solar w SGU - VIC",VIC,3076,1.984,Solar,28/06/2023,9/02/2024
SRPXNSM4,Eastern Creek Quarters (Frasers) - Solar W SGU - NSW,NSW,2766,0.300,Solar,13/09/2023,9/02/2024
WD00SA23,Goyder South Wind Farm 1A - Wind - SA,SA,5417,200.982,Wind,11/02/2024,9/02/2024
SRPXNSN0,Oran Park Commercial 2  - Solar  - NSW,NSW,2570,0.166,Solar,26/09/2023,9/02/2024
SRPXNSR5,SCHO005-Solar-NSW,NSW,2762,0.120,Solar,23/01/2024,9/02/2024
SRPXNSS1,UTS Building A/B - Solar - NSW,NSW,2019,0.540,Solar,11/01/2024,9/02/2024
SRPXNSL7,VEROSOL (AUSTRALIA) PTY. LTD - Solar w SGU - NSW,NSW,2212,0.300,Solar,22/08/2023,9/02/2024
SRPVSAU4,Woolworths Renmark 5608 - Solar - SA,SA,5341,0.315,Solar,13/09/2023,9/02/2024
SRPXNSO5,AU144/178 Oakdale West 3B2 - Solar - NSW,NSW,2178,0.250,Solar,16/10/2023,15/02/2024
SRPXQL66,AU260 Rochedale Motorway Estate - Solar - QLD,QLD,4123,0.414,Solar,8/11/2023,15/02/2024
SRPXQL67,AU267 Rochedale Motorway Estate - Solar - QLD,QLD,4123,0.282,Solar,8/11/2023,15/02/2024
SRPXNST2,Bentinck St Bathurst - Solar w SGU- NSW,NSW,2795,0.601,Solar,30/01/2024,15/02/2024
SRPXNSE3,"Casswell Terrace, McDougalls Hill - Solar - NSW",NSW,2330,0.211,Solar,9/11/2023,15/02/2024
SRPXNSI2,"Clunies Ross St, Prospect - Solar - NSW",NSW,2148,0.303,Solar,24/05/2023,15/02/2024
SRPXQL90,Gilston Rd & New St Nerang - Solar - QLD,QLD,4211,0.504,Solar,24/01/2024,15/02/2024
SRPXVCB5,Huntingtower School - Solar wSGU � VIC,VIC,3149,0.210,Solar,15/02/2023,15/02/2024
SRPVWAI5,Karratha Leisureplex PV System - Solar - WA,WA,6714,0.802,Solar,26/09/2023,15/02/2024
SRPVWAK2,Norseman Renewable Energy Facility - Solar - WA,WA,6443,0.765,Solar,30/01/2024,15/02/2024
SRTHVC01,Raygen Power Plant Carwarp - Solar - VIC,VIC,3494,7.662,Solar,8/12/2022,15/02/2024
SRPXQL79,St Josephs Mt Isa - Solar w SGU - QLD,QLD,4825,0.145,Solar,21/11/2023,15/02/2024
SRPXNSK7,18 Loyalty Road - Solar - NSW,NSW,2151,0.166,Solar,2/08/2023,22/02/2024
SRPXNSS2,AU865 PortAir Industrial Estate - Solar - NSW,NSW,2019,0.189,Solar,15/01/2024,22/02/2024
SRPVNT77,BARKLY HOMESTEAD- OFFGRID-SOLAR-NT,NT,0862,0.450,Solar,2/12/2023,22/02/2024
SRPXNSN2,Dimmar Minto - Solar w SGU - NSW,NSW,2566,0.409,Solar,22/09/2023,22/02/2024
SRPXNSO2,Fletchers International Grain Terminal - Solar w SGU - NSW,NSW,2830,0.502,Solar,4/10/2023,22/02/2024
SRPXNSS0,Lake Edge Resort- Solar W SGU- NSW,NSW,2647,0.172,Solar,16/01/2024,22/02/2024
SRPVSAU9,Loxton - Solar - SA,SA,5333,0.198,Solar,26/10/2023,22/02/2024
SRPXVCH5,SIGNCRAFT PTY - Solar - VIC,VIC,3025,0.198,Solar,9/11/2023,22/02/2024
SRPXNSQ5,AU169 Aust Post Oakdale West 2A - Solar - NSW,NSW,2178,0.750,Solar,28/11/2023,23/02/2024
SRPXNSS8,CCLHD - Wyong Hospital - Solar - NSW,NSW,2259,0.677,Solar,22/01/2024,23/02/2024
BEBGQL36,Coombabah Waste Water Treatment Plant - Sewage Gas - QLD,QLD,4216,0.550,Sewage Gas and Biomass-Based Components of Sewage,18/01/2023,23/02/2024
SRPXNSL4,Deniliquin RSL Microgrid - Solar - NSW,NSW,2710,0.276,Solar,15/08/2023,23/02/2024
SRPVWAF2,Ningaloo Visitors Center - Solar wSGU -WA,WA,6707,0.260,Solar,22/04/2022,23/02/2024
SRPXVCH4,Signature Care Officer Community Aged Care - Solar w SGU - VIC,VIC,3809,0.200,Solar,28/11/2023,23/02/2024
SRPXVC96,"1 Botero Place, Truganina - Solar - VIC",VIC,3029,0.354,Solar,8/09/2022,26/02/2024
SRPXNSN7,ELF FARM SUPPLIES_System 1 - Solar w SGU - NSW,NSW,2756,0.274,Solar,13/10/2023,26/02/2024
SRPXQL54,GLOBAL FOOD & WINE (BRIS) - SOLAR W SGU - QLD,QLD,4012,0.190,Solar,1/11/2023,26/02/2024
SRPXQL58,Marsh Alliance Carole Park - Solar w SGU - QLD,QLD,4300,0.368,Solar,23/10/2023,26/02/2024
SRPXVCD3,Mildura Base Hospital 1 - Solar - VIC,VIC,3500,0.154,Solar,22/06/2023,26/02/2024
SRPXVCE2,Mildura Base Hospital 2 - Solar - VIC,VIC,3500,0.154,Solar,10/07/2023,26/02/2024
SRPVSAU6,Redmud Green Energy 124 - Solar - SA,SA,5341,0.677,Solar,9/11/2023,26/02/2024
SRPXVCE9,"Victor Cres, Narre Warren - Solar w SGU - VIC",VIC,3805,0.191,Solar,20/07/2023,26/02/2024
SRPVSAV3,Woolworths Millicent 5647 - Solar - SA,SA,5280,0.205,Solar,17/11/2023,26/02/2024
SRPVSAR7,Beerenberg Hybrid - Solar - SA,SA,5245,0.350,Solar,10/02/2023,29/02/2024
SRPVWAK0,Bluebird-Solar-WA,WA,6642,12.361,Solar,24/01/2024,29/02/2024
WD00WA26,FLATROCKS_WF1 - Wind Farm - WA,WA,6395,75.600,Wind,26/11/2023,29/02/2024
SRPVWAI3,Garden Well-Solar-WA,WA,6440,9.399,Solar,23/08/2023,29/02/2024
SRPXNSL1,"Lambridge Place, Penrith - Solar w SGU - NSW",NSW,2750,0.370,Solar,4/08/2023,29/02/2024
SRPXNSO7,SCG Tuggerah - Solar - NSW,NSW,2259,1.351,Solar,31/10/2023,29/02/2024
SRPXNSR4,Sylvan Australia - Solar w SGU � NSW,NSW,2753,0.181,Solar,21/12/2023,29/02/2024
SRPXQL83,Woolworths Bellmere 2015 - Solar - QLD,QLD,4510,0.232,Solar,21/12/2023,29/02/2024
SRPXQL76,AU001 Trade St Lytton Complex - Solar - QLD,QLD,4178,0.802,Solar,16/11/2023,5/03/2024
SRPXVCJ6,Bunnings Dandenong - Solar - VIC,VIC,3175,0.280,Solar,30/11/2023,5/03/2024
SRPXNSP5,Dubbo-Solar-NSW,NSW,2830,7.213,Solar,26/10/2023,5/03/2024
SRPXQL77,Energy Bay - Keppel Bay Plaza - Solar wSGU - QLD,QLD,4703,0.187,Solar,24/11/2023,5/03/2024
SRPXNS41,Oaks Hotel Goldsbrough - Solar  - NSW,NSW,2009,0.176,Solar,15/10/2021,5/03/2024
SRPXVC83,Phoenix Community College - Solar  - VIC,VIC,3356,0.200,Solar,12/04/2022,5/03/2024
SRPXQL82,Southern Steel Properties (77 Coulson St) - Solar w SGU - QLD,QLD,4076,0.300,Solar,20/12/2023,5/03/2024
SRPXVCK2,Woolworths Bayswater 3141 - Solar - VIC,VIC,3153,0.248,Solar,27/02/2024,5/03/2024
SRPXVCG7,Ingenia Solar PV Vic,VIC,3644,0.552,Solar,9/10/2023,6/03/2024
SRPVWAJ4,National Lintels - Solar - WA,WA,6165,0.225,Solar,16/11/2023,7/03/2024
SRPXNSP9,Tanilba Bay WWTW - Solar - NSW,NSW,2319,0.199,Solar,13/11/2023,7/03/2024
SRPVQLS9,Thargomindah Cooling Ponds - Solar w SGU - QLD,QLD,4492,0.239,Solar,7/09/2021,7/03/2024
SRPXVC86,South Gippsland Water - Lance Creek Plant - Solar - VIC,VIC,3979,0.680,Solar,20/06/2022,8/03/2024
SRPVWAK4,Australia Post: Perth PDC - Solar - WA,WA,6106,0.801,Solar,4/03/2024,22/03/2024
SRPXNSQ0,Australia Post: Sydney West Letters Facility (SWLF) - Solar - NSW,NSW,2135,0.861,Solar,14/11/2023,22/03/2024
SRPVTA23,Bell Bay Solar Project - Solar - TAS,TAS,7253,8.515,Solar,4/12/2023,22/03/2024
SRPVSAV5,Mannum 2 Solar Farm - Solar - SA,SA,5238,39.252,Solar,1/11/2023,22/03/2024
SRPXNSS6,Narrandera-Solar-NSW,NSW,2700,7.213,Solar,17/01/2024,22/03/2024
SRPXNSR8,SCHO006-Solar-NSW,NSW,2762,0.140,Solar,23/01/2024,22/03/2024
SRPXNSR9,SCHO007-Solar-NSW,NSW,2762,0.150,Solar,23/01/2024,22/03/2024
SRPXQL81,Smithfield Sapphire Feedlot - Solar w SGU - QLD,QLD,4390,0.348,Solar,8/12/2023,22/03/2024
SRPVSAU8,Yadlamalka - Solar - SA,SA,5540,6.009,Solar,24/10/2023,22/03/2024
SRPXNST6,MUR THAI FOOD CO PTY LTD - Solar w SGU - NSW,NSW,2566,0.197,Solar,15/02/2024,25/03/2024
SRPXVCI8,Australia Post: Dandenong Letters Centre (DLC) - Solar - VIC,VIC,3175,0.750,Solar,18/12/2023,26/03/2024
SRPVWAK3,Bigbell-Solar-WA,WA,6640,4.258,Solar,20/02/2024,26/03/2024
SRPXVCC8,"Cranbourne Rd, Frankston - Solar - VIC",VIC,3199,0.200,Solar,17/05/2023,26/03/2024
SRPXVCH3,Greentech 8 Solar Farm & BESS - Solar - VIC,VIC,3570,6.513,Solar,5/12/2023,26/03/2024
SRPXVCE8,Hardchrome Engineering - Solar - VIC,VIC,3810,0.700,Solar,10/07/2023,26/03/2024
SRPXVCG6,"Karingal Hub, Frankston - Solar - VIC",VIC,3199,0.510,Solar,28/09/2023,26/03/2024
SRPXQL32,Kelly Consolidated Rangeville - Solar w SGU - QLD,QLD,4350,0.244,Solar,10/08/2023,26/03/2024
SRPXNSO8,PEPE'S DUCKS WALKER ST - SOLAR w SGU - NSW,NSW,2756,0.469,Solar,16/10/2023,26/03/2024
SRPVWAI4,Pilgangoora-Solar-WA,WA,6760,5.988,Solar,14/09/2023,26/03/2024
SRPVSAV6,Redmud Green Energy 173 Pty Ltd - Solar - SA,SA,5554,6.357,Solar,4/12/2023,26/03/2024
SRPXQL53,Redwing (Ashmore) Pty Ltd - Solar w SGU - QLD,QLD,4217,0.253,Solar,4/10/2023,26/03/2024
SRPXQL97,Ruxdale - Solar w SGU - QLD,QLD,4670,0.274,Solar,14/03/2024,26/03/2024
SRPXNSO4,SCG Hornsby - Solar - NSW,NSW,2077,0.509,Solar,31/10/2023,26/03/2024
SRPXQL61,Sisters Of St Paul De Chartres - Solar w SGU - QLD,QLD,4124,0.259,Solar,8/11/2023,26/03/2024
SRPVWAK5,Springs SC - Solar - WA,WA,6063,0.287,Solar,12/03/2024,26/03/2024
SRPXQL78,St Catherines Junior Senior Proserpine - Solar w SGU - QLD,QLD,4800,0.272,Solar,15/05/2023,26/03/2024
SRPXNSP7,Wellington North Solar Farm Pty Ltd - Solar - NSW,NSW,2820,425.068,Solar,18/03/2024,26/03/2024
SRPXNSP0,Woolworths Aberglasslyn 1410 - Solar - NSW,NSW,2320,0.197,Solar,23/10/2023,26/03/2024
SRPXQL41,Yamanto Central - Solar w SGU- QLD,QLD,4305,1.333,Solar,20/09/2023,26/03/2024
SRPXVCF3,Bunnings Rosebud - Solar  - VIC,VIC,3939,0.160,Solar,31/07/2023,27/03/2024
SRPXQL59,Revolution Narangba - Solar - QLD,QLD,4504,0.156,Solar,23/10/2023,27/03/2024
SRPVSAT7,State Herbarium - Solar(wSGU) - Adelaide - SA,SA,5000,0.179,Solar,26/10/2023,27/03/2024
SRPXNSQ1,Australia Post: Sydney Gateway Facility (SGF) - Solar - NSW,NSW,2142,0.700,Solar,14/11/2023,28/03/2024
SRPXNSL3,AU146 Cumberland Industrial Estate - Solar w SGU - NSW,NSW,2164,0.200,Solar,13/09/2023,2/04/2024
SRPXQL74,Energy Bay - Healius Murarrie - Solar wSGU - QLD,QLD,4172,0.359,Solar,24/11/2023,2/04/2024
SRPXNSU2,Galintel Coffs Harbour - Solar w SGU - NSW,NSW,2450,0.400,Solar,13/03/2024,2/04/2024
SRPVWAJ6,IKAD Sparks Rd w SGU - Solar � WA,WA,6166,0.363,Solar,4/01/2024,2/04/2024
SRPXQL11,Seven Springs Building Services - Solar w SGU - QLD,QLD,4350,0.218,Solar,13/06/2023,2/04/2024
SRPVWAI7,SOUTHERN STEEL (WA) PTY LIMITED - Solar w SGU - WA,WA,6165,0.306,Solar,10/10/2023,2/04/2024
SRPXQL35,AU265 Rochedale Motorway Estate - Solar - QLD,QLD,4123,0.356,Solar,13/09/2023,3/04/2024
SRPXVCI6,Bayswater Downer Roads - Solar wSGU - VIC,VIC,3153,0.147,Solar,11/12/2023,3/04/2024
SRPXNSM5,Energy Bay - B&J (City Kitchen) - Solar wSGU - NSW,NSW,2148,0.924,Solar,14/11/2023,4/04/2024
SRPXNSS3,AU870 Interchange Pk 7 Interchange - Solar w SGU - NSW,NSW,2766,0.634,Solar,15/01/2024,10/04/2024
SRPXVCL2,BF PORT MELBOURNE - SOLAR w SGU - VIC,VIC,3207,0.196,Solar,5/04/2024,10/04/2024
SRPXQL98,Blenners Transport TULLY - Solar w SGU - QLD,QLD,4854,0.200,Solar,14/03/2024,10/04/2024
SRPVSAV1,CCEP Salisbury - Solar - SA,SA,5106,0.262,Solar,13/11/2023,10/04/2024
SRPXVCK4,Somerton Pump Station - Solar - VIC,VIC,3048,0.154,Solar,4/03/2024,10/04/2024
SRPVSAU5,Sarstedt - Mawson Lakes - Solar - SA,SA,5095,0.822,Solar,20/09/2023,11/04/2024
SRPXNSP8,Scholastic Lisarow - Solar w SGU - NSW,NSW,2250,0.360,Solar,10/11/2023,11/04/2024
SRPXNSQ9,Bankstown Courthouse - Solar - NSW,NSW,2200,0.150,Solar,13/12/2023,15/04/2024
SRPXQLA6,Caloundra Village - Solar - QLD,QLD,4551,0.150,Solar,11/04/2024,15/04/2024
SRPXVCE1,"Factory 7, 315 Cooper Street, Epping - Solar - VIC",VIC,3076,0.461,Solar,28/06/2023,15/04/2024
SRPXVCD4,OLERS - FOODWORKS - Solar w SGU � VIC,VIC,3691,0.269,Solar,20/07/2023,15/04/2024
SRPXQL99,Retail First Sunnybank Plaza-Solar-QLD,QLD,4109,0.701,Solar,14/03/2024,15/04/2024
SRPVQLW9,AAT Port Of Brisbane-Solar w SGU-QLD,QLD,4178,0.300,Solar,26/09/2022,17/04/2024
SRPXNSS5,Cooke's Truck Tyre Centre - Solar w SGU - South Nowra - NSW,NSW,2541,0.180,Solar,29/01/2024,17/04/2024
SRPXNSN8,ELF FARM SUPPLIES_System 2 - Solar w SGU - NSW,NSW,2756,0.782,Solar,13/10/2023,17/04/2024
SRPXNSN9,ELF FARM SUPPLIES_System 3 - Solar w SGU - NSW,NSW,2756,0.513,Solar,13/10/2023,17/04/2024
SRPXVCL0,JCs Quality Foods - Solar wSGU - VIC,VIC,3180,0.194,Solar,19/03/2024,17/04/2024
SRPVWAH8,Live-in-Learning - Solar - WA,WA,6102,0.349,Solar,7/06/2023,17/04/2024
SRPXQLA7,Woolworths Mossman 2769 - Solar - QLD,QLD,4873,0.341,Solar,12/04/2024,17/04/2024
SRPVQLX0,Josam Unit Trust (Samin Sheet Metal) - Solar w SGU - QLD,QLD,4131,0.188,Solar,26/09/2022,18/04/2024
SRPVNT75,Robertson Barracks Solar Farm - Solar - NT,NT,0830,10.886,Solar,10/08/2023,19/04/2024
SRPXNSV0,139 Hughes Street - Solar - NSW,NSW,3644,0.293,Solar,15/04/2024,23/04/2024
SRPVSAT3,AEW Ingham's - Solar - SA,SA,5111,1.000,Solar,29/05/2023,23/04/2024
SRPXVCL3,Dingley Village Hotel - Solar - VIC,VIC,3172,0.199,Solar,10/04/2024,23/04/2024
SRPXVCH0,Greentech 1 Solar Farm & BESS - Solar - VIC,VIC,3385,7.020,Solar,12/02/2024,23/04/2024
SRPXVCH1,Greentech 4 Solar Farm & BESS - Solar - VIC,VIC,3465,7.020,Solar,2/02/2024,23/04/2024
SRPVQLY9,Hillcrest Rockhampton Private Hospital - Solar - QLD,QLD,4700,0.275,Solar,27/02/2023,23/04/2024
WD00WA27,Moora Energy Windfarm - Wind - WA,WA,6507,3.600,Wind,14/02/2024,23/04/2024
SRPXVCH7,Morwell Bowling Club - Solar wSGU - VIC,VIC,3840,0.199,Solar,20/11/2023,23/04/2024
SRPXQL06,Northgate - Solar  - QLD,QLD,4013,0.220,Solar,18/05/2023,23/04/2024
SRPXNSU3,Rosehill Asphalt Plant - Solar w SGU - NSW,NSW,2142,0.351,Solar,14/03/2024,23/04/2024
SRPXVCJ9,Winneke Water Treatment Plant - Solar - VIC,VIC,3775,9.540,Solar,26/02/2024,23/04/2024
SRPXQL60,Bunnings Stafford - Solar - QLD,QLD,4053,0.340,Solar,25/10/2023,24/04/2024
SRPXNST9,Fresenius Smithfield - Solar w SGU - NSW,NSW,2164,0.290,Solar,1/03/2024,24/04/2024
SRPXNSQ2,ROBE SOLAR FARM - Solar - NSW,NSW,2650,2.843,Solar,18/12/2023,24/04/2024
SRPVSAV4,Watervale Dr Green Fields - Solar w SGU - SA,SA,5107,0.396,Solar,9/01/2024,24/04/2024
SRPXNSP3,Wideline Joule Place - Solar w SGU - NSW,NSW,2259,0.406,Solar,24/10/2023,24/04/2024
SRPVAC40,1 National Circuit Barton - Solar w SGU - ACT,ACT,2600,0.166,Solar,28/09/2023,29/04/2024
SRPVAC39,3-5 National Circuit Barton - Solar w SGU - ACT,ACT,2600,0.166,Solar,28/09/2023,29/04/2024
SRPXNSD3,"Millennium Ct, Silverwater - Solar - NSW",NSW,2128,0.702,Solar,23/02/2023,30/04/2024
SRPVWAK9,Advantage - Solar - WA,WA,6155,0.500,Solar,8/04/2024,3/05/2024
SRPXNST5,AMYSON - Solar w SGU - NSW,NSW,2164,0.200,Solar,24/02/2024,3/05/2024
SRPXNSM3,"Australia Post (Admin & Parcel Buildings) - Ralph St, Alexandria - Solar w SGU � NSW",NSW,2015,0.472,Solar,13/09/2023,3/05/2024
SRPXNSJ4,BIDFOOD BERESFIELD - Solar w SGU - NSW,NSW,2322,0.161,Solar,26/06/2023,3/05/2024
SRPXVCA3,Clevertronics - Scoresby - Solar w SGU - VIC,VIC,3179,0.165,Solar,18/10/2022,3/05/2024
SRPXVCJ5,Dexus Elders - Solar - VIC,VIC,3023,0.350,Solar,17/01/2024,3/05/2024
SRPXNSO0,Eilbeck cranes Moss Vale - Solar w SGU - NSW,NSW,2577,0.458,Solar,27/09/2023,3/05/2024
SRPXQL89,LAVA BLUE (BRIS) - SOLAR - QLD,QLD,4161,0.175,Solar,21/02/2024,3/05/2024
SRPXNSV1,Nepean Hospital - Solar - NSW,NSW,2747,0.520,Solar,15/04/2024,3/05/2024
SRPXVCF9,OLERS - RUTHERGLEN IGA - Solar - VIC,VIC,3685,0.140,Solar,15/08/2023,3/05/2024
SRPXNSV4,Woolworths Kellyville 1347 - Solar - NSW,NSW,2155,0.400,Solar,18/04/2024,6/05/2024
SRPXQL14,Americold - Solar w SGU - QLD,QLD,4172,1.001,Solar,21/06/2023,9/05/2024
SRPVAC41,BIG W Canberra Airport 191 - Solar - ACT,ACT,2609,0.200,Solar,7/12/2023,9/05/2024
SRPXNST1,Cootamundra Solar Farm - Solar - NSW,NSW,2590,5.839,Solar,8/02/2024,9/05/2024
SRPVWAJ3,Fortnum-Solar-WA,WA,6642,5.494,Solar,14/11/2023,9/05/2024
SRPXNSS4,Goodman Amazon Kemps Creek - Solar - NSW,NSW,2178,3.000,Solar,16/01/2024,9/05/2024
HYMCVC12,Preston Mini Hydro - VIC,VIC,3073,2.000,Hydro,26/02/2024,9/05/2024
SRPXVCL1,Rowville Terminal Station - Solar - VIC,VIC,3178,1.125,Solar,8/04/2024,9/05/2024
SRPXNSV2,Uniplas Wetherill Park - Solar w SGU - NSW,NSW,2164,0.299,Solar,16/04/2024,9/05/2024
SRPXNST3,"358 Chisholm Rd, Auburn - Solar w SGU - NSW",NSW,2144,0.204,Solar,29/01/2024,15/05/2024
SRPXVCK1,Agile Energy CC Docklands 140kW SolarwSGU - VIC,VIC,3008,0.141,Solar,27/02/2024,15/05/2024
SRPXNSA7,Apollo Kitchen - Solar w SGU - NSW,NSW,2164,0.300,Solar,9/10/2022,15/05/2024
SRPXNSV6,Borthistle Rd Gunnedah - Solar w SGU - NSW,NSW,2380,0.200,Solar,23/04/2024,15/05/2024
SRPXVCL8,Bunnings Traralgon - Solar - VIC,VIC,3844,0.170,Solar,1/05/2024,15/05/2024
SRPVNT78,Expansive Unit Trust - Solar - NT,NT,0810,0.230,Solar,11/12/2023,15/05/2024
SRPXVCL6,Mt Zero WTP 96021 - Solar w SGU - VIC,VIC,3401,0.290,Solar,24/04/2024,15/05/2024
SRPXVCL5,Ouyen Rural WPS 96018 - Solar w SGU - VIC,VIC,3490,0.200,Solar,24/04/2024,15/05/2024
SRPXVCI7,Pumpa Manufacturing - Solar - VIC,VIC,3585,0.170,Solar,12/12/2023,15/05/2024
SRPXNSU9,WARRIGAL CARE SHELL COVE - Solar w/SGU - NSW,NSW,2529,0.200,Solar,15/04/2024,15/05/2024
SRPXNSD2,Westmead Private Hospital - Solar w SGU - NSW,NSW,2145,0.254,Solar,17/02/2023,15/05/2024
SRPXNSU8,Woolworths DC Moorebank NDC - Solar - NSW,NSW,2170,1.780,Solar,12/04/2024,15/05/2024
SRPXQLA2,BF KUNDA PARK - SOLAR w SGU - QLD,QLD,4556,0.226,Solar,5/04/2024,17/05/2024
SRPXNSV7,Bunnings Campbelltown - Solar - NSW,NSW,2560,0.460,Solar,1/05/2024,17/05/2024
SRPXNSV9,Bunnings North Penrith - Solar - NSW,NSW,2750,0.280,Solar,1/05/2024,17/05/2024
SRPXNSV8,Bunnings Kembla Grange - Solar - NSW,NSW,2526,0.480,Solar,1/05/2024,20/05/2024
SRPXQL94,Yeppoon Sewerage Treatment Plant - Solar - QLD,QLD,4703,0.550,Solar,27/02/2024,20/05/2024
SRPXVCJ8,HOA - Solar w SGU - VIC,VIC,3170,0.200,Solar,12/04/2024,21/05/2024
SRPXQL50,Robina Central- Solar � QLD,QLD,4226,0.212,Solar,26/09/2023,21/05/2024
SRPXNSN3,Agile Energy - Evermore - 277kW Solar w SGU - NSW,NSW,2428,0.278,Solar,27/09/2023,24/05/2024
SRPXVCH6,Bendigo Project Solar Farm & BESS - Solar - VIC,VIC,3557,7.020,Solar,8/12/2023,24/05/2024
SRPXQLA3,BF YATALA - SOLAR w SGU - QLD,QLD,4207,0.379,Solar,5/04/2024,24/05/2024
SRPVWAJ5,Broome Residential College - Solar - WA,WA,6725,0.160,Solar,27/11/2023,24/05/2024
SRPXVCG3,Conti Orchards - Solar w SGU - VIC,VIC,3644,0.170,Solar,21/09/2023,24/05/2024
HYMITA12,Cumberland Hydro Project - Mini Hydro - TAS,TAS,7469,1.579,Hydro,16/04/2024,24/05/2024
SRPVQLX7,Eurong Beach Resort - Solar w SGU - QLD,QLD,4581,0.359,Solar,10/01/2023,24/05/2024
SRPXQLA8,Linfox Willawong - Solar - QLD,QLD,4110,0.752,Solar,22/04/2024,24/05/2024
SRPXVCL9,MEL8 - SOLAR - VIC,VIC,3064,1.138,Solar,9/05/2024,24/05/2024
SRPVWAF7,Pilbara Motor Group - Solar - WA,WA,6714,0.400,Solar,20/09/2022,24/05/2024
SRPXQL92,St Andrews Ipswich Private Hospital-Solar-QLD,QLD,4305,0.245,Solar,8/05/2024,24/05/2024
SRPXNSW6,Uniting Alroy House - Solar w SGU - NSW,NSW,2330,0.200,Solar,20/05/2024,24/05/2024
SRPXNSD1,WCC Gibbes St Depot � Solar wSGU � NSW,NSW,2067,0.128,Solar,13/02/2023,24/05/2024
SRPXQLA4,BF ROCKHAMPTON - SOLAR w SGU - QLD,QLD,4702,0.303,Solar,5/04/2024,30/05/2024
SRPXNST7,Agile Energy - Centuria8Central - 323kW - Solar w SGU - NSW,NSW,2015,0.323,Solar,27/02/2024,31/05/2024
SRPVSAV7,BF GILLMAN - SOLAR w SGU - SA,SA,5013,0.347,Solar,5/04/2024,31/05/2024
SRPXNSQ8,Big W Parkes 133 - Solar - NSW,NSW,2870,0.200,Solar,4/12/2023,31/05/2024
SRPXNSR7,Holbeche Rd Arndell Park - Solar w SGU - NSW,NSW,2148,0.263,Solar,9/01/2024,31/05/2024
SRPXVCL7,Jalna Feedlot - Solar w SGU - VIC,VIC,3213,0.243,Solar,24/04/2024,31/05/2024
SRPXNSW2,Signature Care Tamworth Community Aged Care - Solar W SGU - NSW,NSW,2340,0.200,Solar,13/05/2024,31/05/2024
SRPXQL88,Grand Plaza - Solar - QLD,QLD,4118,2.391,Solar,23/01/2024,11/06/2024
SRPXQLA9,HERTZ AIRPORT (BRIS) - SOLAR - QLD,QLD,4008,0.293,Solar,29/05/2024,11/06/2024
SRPXVCH8,"Horsburgh Drive, Altona North - Solar w SGU - VIC",VIC,3025,0.203,Solar,21/11/2023,11/06/2024
WD00VC49,Ryan Corner Wind Farm - Wind - Vic,VIC,3284,218.400,Wind,1/07/2024,11/06/2024
SRPVSAV9,Taminga Phase 1- Solar - SA,SA,5010,0.545,Solar,24/05/2024,11/06/2024
SRPXNSW5,Woolworths Ashfield North 1813 - Solar - NSW,NSW,2131,0.351,Solar,14/05/2024,11/06/2024
SRPXNSJ1,Ocado - Solar - NSW,NSW,2164,2.005,Solar,1/06/2023,14/06/2024
SRPXNSJ9,AU870 17-19B Interchange Drive Eastern Creek - Solar w SGU - NSW,NSW,2766,0.748,Solar,11/07/2023,19/06/2024
SRPXNSW3,FWLHD Broken Hill Hospital - Solar - NSW,NSW,2880,0.750,Solar,13/05/2024,19/06/2024
SRPXNSU5,Anderson Dr Beresfield - Solar w SGU - NSW,NSW,2322,0.166,Solar,22/04/2024,21/06/2024
SRPXNSK8,Autopak-Vetlab Group - 178kW - Solar w SGU - NSW,NSW,2760,0.178,Solar,2/08/2023,21/06/2024
SRPVWAK6,BF MALAGA - SOLAR w SGU - WA,WA,6090,0.217,Solar,15/03/2024,21/06/2024
SRPXNSX4,Collins Transport Eastern Creek - Solar - NSW,NSW,2766,0.439,Solar,3/06/2024,21/06/2024
SRPXVCM1,Dexus Nike - Solar W SGU - VIC,VIC,3023,1.000,Solar,19/05/2024,21/06/2024
SRPXNSW4,EAST CESSNOCK BOWLING CLUB - Solar w SGU - NSW,NSW,2325,0.200,Solar,15/05/2024,21/06/2024
SRPXQL42,Ecolab Darra - Solar - QLD,QLD,4076,0.292,Solar,8/09/2023,21/06/2024
SRPVTA24,Foreshore Hotel - 195.8kW - Solar w SGU - TAS,TAS,7021,0.196,Solar,4/06/2024,21/06/2024
SRPXQL33,Nambour Selangor Private Hospital - 189.5kW - Solar w SGU - QLD,QLD,4560,0.190,Solar,11/08/2023,21/06/2024
SRPXVCL4,OLERS - Resource - Solar - VIC,VIC,3026,0.844,Solar,10/04/2024,21/06/2024
SRPVWAL2,Region Group Kalamunda - Solar - WA,WA,6076,0.690,Solar,17/05/2024,21/06/2024
SRPXQLB5,Southport Sharks - Solar w SGU - QLD,QLD,4215,0.332,Solar,5/06/2024,21/06/2024
SRPXVCK7,Goodman Lot 12 Logistics Drive - Solar - VIC,VIC,3029,0.450,Solar,8/03/2024,24/06/2024
SRPXNSV5,Homart Pharmaceuticals - Rydalmere - Solar w SGU - NSW,NSW,2116,0.392,Solar,17/04/2024,24/06/2024
SRPXVCK0,Sun Spot 3 Pty Ltd - Solar - Vic,VIC,3635,90.099,Solar,28/05/2024,24/06/2024
SRPXNST8,Wideline Newbridge Road - Solar wSGU � NSW,NSW,2261,0.406,Solar,27/02/2024,24/06/2024
SRPXQL19,Coopers Plains - solar w SGU - QLD,QLD,4108,0.541,Solar,3/07/2023,27/06/2024
SRPXNSX7,Goodman AU184 Oakdale West EBOS 3C2 - Solar w SGU � NSW,NSW,2178,0.500,Solar,6/06/2024,27/06/2024
SRPXVCK9,Goodman Nursery Avenue - Solar w SGU - VIC,VIC,3169,0.200,Solar,8/03/2024,27/06/2024
SRPXNSU1,Goodman Roberts DC Australia Post - Solar w SGU - NSW,NSW,2190,0.200,Solar,8/03/2024,27/06/2024
WD00VC50,Hawkesdale Wind Farm - Wind - Vic,VIC,3287,96.600,Wind,13/06/2024,27/06/2024
SRPXQLB4,National Cricket Centre � Solar wSGU � Qld,QLD,4010,0.285,Solar,3/06/2024,27/06/2024
SRPXNSX5,NSW Ports Enfield H2 Rooftop - Solar - NSW,NSW,2136,0.339,Solar,4/06/2024,27/06/2024
SRPXQL51,Nu-Pure Unit Trust - Solar w SGU - QLD,QLD,4207,0.586,Solar,28/09/2023,27/06/2024
SRPVSAV0,DiMauro Group Parabanks Shopping Centre - Solar- SA,SA,5108,0.850,Solar,3/06/2024,28/06/2024
SRPVQLV3,Strathpine Shopping Square - Solar - QLD,QLD,4500,0.422,Solar,18/06/2024,28/06/2024
SRPVWAB6,Woolworths Clarkson 4431 - Solar - WA,WA,6030,0.412,Solar,20/06/2024,28/06/2024
SRPXVCM3,BEVCHAIN - SOLAR w SGU - VIC,VIC,3026,0.934,Solar,22/05/2024,1/07/2024
SRPVNT79,BF DARWIN - SOLAR - NT,NT,0822,0.252,Solar,5/04/2024,1/07/2024
SRPXVCK6,Goodman IMAG - Solar - VIC,VIC,3029,0.400,Solar,8/03/2024,1/07/2024
SRPXQL95,Lindsay Australia Acacia Ridge - Solar - QLD,QLD,4110,0.440,Solar,5/03/2024,1/07/2024
SRPXQL93,Agile Energy - CromwellWSF158kW Solar wSGU - QLD,QLD,4006,0.158,Solar,27/02/2024,5/07/2024
SRPXVCJ3,Brickworks Rd Bendigo East - Solar - VIC,VIC,3550,0.475,Solar,9/01/2024,5/07/2024
SRPXNSV3,GME Winston Hills - Solar w SGU - NSW,NSW,2153,0.600,Solar,17/04/2024,5/07/2024
SRPXVCK8,Goodman Port Melbourne Store E - Solar - VIC,VIC,3207,0.250,Solar,8/03/2024,5/07/2024
SRPXNSX0,Woolworths Glendale 1172 - Solar - NSW,NSW,2285,0.478,Solar,27/05/2024,5/07/2024
SRPXNSP6,315 Parramatta Road- Solar � NSW,NSW,2144,0.150,Solar,30/10/2023,9/07/2024
SRPXNSU6,BF WOLLONGONG - SOLAR w SGU - NSW,NSW,2527,0.153,Solar,5/04/2024,9/07/2024
SRPXQL96,Lindsay Australia Mareeba - Solar  - QLD,QLD,4880,0.148,Solar,6/03/2024,9/07/2024
SRPVWAK7,Marketlane Subiaco - Solar  - WA,WA,6008,0.125,Solar,21/03/2024,9/07/2024
SRPXNSW9,Menangle Race Club - Solar w SGU - NSW,NSW,2563,0.191,Solar,23/05/2024,9/07/2024
SRPXQLB0,Thunderbox - Solar - QLD,QLD,4132,0.211,Solar,9/05/2024,9/07/2024
SRPXNSA4,Agile Energy - Calvary Muswellbrook - 180kW Solar w SGU- NSW,NSW,2333,0.180,Solar,17/05/2024,11/07/2024
SRPXNSW1,BOX HILL SHOPPING CENTRER - 624.68 kW Solar w SGU - NSW,NSW,2765,0.625,Solar,8/05/2024,11/07/2024
SRPXVCE0,Glen Eira City Council - Warrawee - Solar - VIC,VIC,3165,0.200,Solar,28/06/2023,11/07/2024
SRPXNSU0,Lindsay Australia Erskine Park - Solar w SGU - NSW,NSW,2759,0.535,Solar,6/03/2024,11/07/2024
SRPXQLB6,Maryborough Community Aged Care - Solar w SGU - QLD,QLD,4650,0.200,Solar,12/06/2024,11/07/2024
SRPXNSR1,Parramatta Courthouse - Solar - NSW,NSW,2150,0.185,Solar,13/12/2023,11/07/2024
SRPXQL21,Westside Christian College Senior - Solar w SGU - QLD,QLD,4300,0.224,Solar,3/07/2023,11/07/2024
SRPXQLB3,CCA Richlands 2 - Solar w SGU- QLD,QLD,4077,0.233,Solar,31/05/2024,12/07/2024
SRPVNST2,CSR Gyprock Wetherill Park - Solar - NSW,NSW,2164,2.002,Solar,24/06/2024,12/07/2024
SRPXVC94,GPT Chirnside Park - Solar - VIC,VIC,3116,0.651,Solar,25/08/2022,12/07/2024
SRPVVCU7,7 CALLISTER - SOLAR w SGU - VIC,VIC,3064,0.153,Solar,20/06/2024,15/07/2024
SRPXQLB2,Murrumba Downs - Solar wSGU - QLD,QLD,4503,0.350,Solar,18/05/2024,15/07/2024
SRPXVCM2,RK & JR GORDON - Solar - VIC,VIC,3568,0.102,Solar,20/05/2024,15/07/2024
SRPVSAV8,Wingfield Asphalt Plant - Solar w SGU - SA,SA,5013,0.140,Solar,2/05/2024,15/07/2024
SRPXVC47,7A CALLISTER - SOLAR w SGU - VIC,VIC,3064,0.417,Solar,20/06/2024,16/07/2024
SRPVWAJ0,Balline Lucky Bay Wind Farm-Wind-WA,WA,6535,4.200,Wind,19/10/2023,16/07/2024
SRPXQLB9,Capestone Blvd & Napier - Solar w SGU - QLD,QLD,4509,0.520,Solar,8/07/2024,18/07/2024
SRPXNSX1,Clean Peak Energy - Huntingwood- Solar - NSW,NSW,2148,4.010,Solar,11/06/2024,18/07/2024
SRPXNSX8,Dural Baptist Church - Solar - NSW,NSW,2158,0.242,Solar,12/06/2024,18/07/2024
SRPVTA17,PIPERS BROOK VINEYARD - Solar  - TAS,TAS,7254,0.200,Solar,17/05/2023,18/07/2024
SRPXNSJ3,Concept Paint - Solar - NSW,NSW,2760,0.100,Solar,16/06/2023,23/07/2024
SRPXQL17,Toowoomba - Solar w SGU - QLD,QLD,4350,0.687,Solar,3/07/2023,23/07/2024
SRPXQLA5,AU157 - 33 Goodman Pl - Solar - QLD,QLD,4172,0.973,Solar,9/04/2024,31/07/2024
SRPXNSR6,Interfine Investments Pty Ltd - 384kW - Solar - NSW,NSW,2086,0.384,Solar,22/12/2023,31/07/2024
SRPXNSR3,Interfine Investments Pty Ltd - 416kW - Solar - NSW,NSW,2086,0.416,Solar,14/12/2023,31/07/2024
SRPXNSI7,Junee Prime Lamb Solar Farm NSW,NSW,2663,2.318,Solar,2/07/2023,31/07/2024
SRPVWAL4,PAMS Newman - Solar - WA,WA,6753,0.151,Solar,10/06/2024,31/07/2024
SRPXNSF0,Rapid Plus - Solar w SGU - NSW,NSW,2340,0.878,Solar,19/07/2024,31/07/2024
SRPVSAU1,Xavier College - Solar with SGU - SA,SA,5501,0.230,Solar,13/02/2024,31/07/2024
SRPXVCG9,Alsco - Solar w SGU - VIC,VIC,3011,0.230,Solar,2/11/2023,1/08/2024
SRPVVCS9,Bunnings Vermont South - Solar - VIC,VIC,3133,0.185,Solar,19/06/2024,1/08/2024
SRPXNSY0,CHARTER HALL-ROOTYHILL 1-SOLAR-W SGU-NSW,NSW,2766,0.250,Solar,26/06/2024,5/08/2024
SRPXNSY1,CHARTER HALL-ROOTYHILL 2-SOLAR-W SGU-NSW,NSW,2766,0.250,Solar,26/06/2024,5/08/2024
SRPXQLC2,"Endeavour Blvd, North Lakes - Solar - QLD",QLD,4509,0.271,Solar,12/07/2024,5/08/2024
SRPXNS05,Opal Cove Korora - Solar w SGU - NSW,NSW,2450,0.239,Solar,2/07/2024,5/08/2024
SRPXNSQ3,WaSS Bega Depot and WTP - Solar - NSW,NSW,2550,0.285,Solar,1/12/2023,5/08/2024
SRPVWAL6,Yiramalay Studio School-Solar-WA,WA,6728,0.363,Solar,23/07/2024,5/08/2024
SRPVAC43,BF HUME - SOLAR - ACT,ACT,2620,0.252,Solar,31/07/2024,7/08/2024
SRPVWAI9,Broome SHS  - Solar - WA,WA,6725,0.274,Solar,16/10/2023,7/08/2024
SRPVWAK8,North Star Junction - Solar - WA,WA,6721,117.270,Solar,24/04/2024,12/08/2024
SRPVWAK1,Alsco - Solar - WA,WA,6155,0.215,Solar,24/04/2024,14/08/2024
SRPXNSA5,Barooga Sports Club - Solar w SGU - NSW,NSW,3644,0.302,Solar,10/07/2024,14/08/2024
SRPXNSY7,Bunnings Seven Hills - Solar - NSW,NSW,2147,0.370,Solar,29/07/2024,14/08/2024
SRPXQLC7,CHARTER HALL-WACOL-SOLAR-W SGU-QLD,QLD,4076,0.234,Solar,21/07/2024,14/08/2024
SRPXNSR0,Parramatta Children's Court - Solar - NSW,NSW,2150,0.230,Solar,13/12/2023,14/08/2024
SRPXNSY2,AU870 Interchange Park 8 Interchange Dr - Solar w SGU - NSW,NSW,2766,0.485,Solar,22/07/2024,20/08/2024
SRPXVC62,Bostocks Creek - Solar - VIC,VIC,3260,6.412,Solar,23/07/2024,20/08/2024
SRPXVC98,Brooklyn Depot - Solar - VIC,VIC,3012,1.250,Solar,17/07/2024,20/08/2024
SRPXVCM7,Caron Labs - Solar W SGU - VIC,VIC,3215,0.140,Solar,29/07/2024,20/08/2024
SRPXVC48,Glass Expansion - Solar - VIC,VIC,3207,0.300,Solar,26/06/2024,20/08/2024
SRPVSAW4,Glenelg Waste Water Treatment Plant (GLGWWTP) � Solar � SA,SA,5045,1.320,Solar,26/06/2020,20/08/2024
SRPVNSY2,Gosford Hospital - Solar -  NSW,NSW,2250,1.201,Solar,25/06/2024,20/08/2024
SRPXNSY3,Greenhill Mushrooms - Solar w SGU � NSW,NSW,2178,0.299,Solar,23/07/2024,20/08/2024
SRPVWAJ9,Lakelands Shopping Centre - Solar - WA,WA,6180,0.299,Solar,11/07/2024,20/08/2024
SRPXVCM5,Manningham Civic Centre - Solar wSGU - VIC,VIC,3108,0.205,Solar,7/06/2024,20/08/2024
SRPXVC97,Newstead Solar Farm - Solar - VIC,VIC,3462,2.841,Solar,19/07/2024,20/08/2024
SRPXNS43,Schwartz Family Solar farm No 2 - Solar - NSW,NSW,2325,6.552,Solar,3/07/2024,20/08/2024
SRPVSAR1,Happy Valley Water Filtration Plant (HAVWTP) - Solar - SA,SA,5159,12.825,Solar,13/10/2022,22/08/2024
SRPVWAL1,Kathleen Valley Power Station - Solar - WA,WA,6437,17.083,Solar,17/05/2024,22/08/2024
WD00WA28,Kathleen Valley Power Station - Wind - WA,WA,6437,30.000,Wind,17/05/2024,22/08/2024
SRPXQLD1,CSIRO - Pullenvale - Solar - QLD,QLD,4069,0.761,Solar,15/08/2024,23/08/2024
SRPXNSY9,Rosebery Engine Yards - Solar - NSW,NSW,2018,0.250,Solar,30/07/2024,23/08/2024
SRPXVCM9,Woolworths Ararat 3164 - Solar - VIC,VIC,3377,0.237,Solar,6/08/2024,23/08/2024
SRPXNSX2,200B-Solar-NSW,NSW,2200,0.251,Solar,31/05/2024,2/09/2024
SRPXQL75,AU372 Port Industry Park - Solar w SGU- QLD,QLD,4178,0.352,Solar,14/11/2023,2/09/2024
SRPXQL36,AU918 Redbank Bapcor - Solar - QLD,QLD,4301,1.800,Solar,14/08/2024,2/09/2024
SRPXQLC1,Collinsville Water Treatment Plant - Solar - QLD,QLD,4804,0.253,Solar,8/07/2024,2/09/2024
SRPVWAL7,FREDERICK IRWIN ANGLICAN SCHOOL - Solar - WA,WA,6210,0.257,Solar,16/07/2024,2/09/2024
SRPVWAB5,Karratha Depot - Solar PV - WA,WA,6714,0.189,Solar,10/07/2024,2/09/2024
SRPXNSY5,Redmud Green Energy 149 Pty Ltd - Solar- NSW,NSW,2341,6.357,Solar,19/08/2024,2/09/2024
SRPVWAL3,Waikiki - Solar - WA,WA,6169,0.200,Solar,11/06/2024,2/09/2024
SRPXVCM8,Walpole Dairy - Solar wSGU - VIC,VIC,3638,0.200,Solar,2/08/2024,2/09/2024
SRPXQLB8,Ashmore Shopping Centre - Solar w SGU - QLD,QLD,4214,0.400,Solar,21/06/2024,5/09/2024
SRPXVCN3,Bunnings Pakenham - Solar - VIC,VIC,3810,0.290,Solar,21/08/2024,5/09/2024
SRPXNSK2,Coffs Central - Solar w SGU - NSW,NSW,2450,0.303,Solar,13/08/2024,5/09/2024
SRPXQLC0,Harbourside Woree - Solar w SGU - QLD,QLD,4868,0.146,Solar,8/07/2024,5/09/2024
SRPXQLD0,LOREAL - SOLAR w SGU - QLD,QLD,4301,0.348,Solar,15/08/2024,5/09/2024
SRPXVCM6,Melbourne Gateway Facility - Solar - VIC,VIC,3045,0.200,Solar,7/06/2024,5/09/2024
SRPVSAW2,Prince Alfred College - Solar w SGU - SA,SA,5067,0.200,Solar,22/07/2024,5/09/2024
SRPXVCM0,Shepparton Private Hospital - 318kW - Solar w SGU - VIC,VIC,3630,0.318,Solar,29/11/2023,5/09/2024
WD00NS23,Crookwell 3 Wind Farm - Wind - NSW,NSW,2580,57.600,Wind,5/08/2024,6/09/2024
SRPXQL31,Minnippi Quarter - Solar w SGU - QLD,QLD,4152,0.199,Solar,29/05/2024,6/09/2024
SRPXQLA1,Kingaroy Solar Farm - Solar PV - QLD,QLD,4610,53.689,Solar,4/09/2024,12/09/2024
SRPXVC49,METCASH - SOLAR - VIC,VIC,3024,2.701,Solar,10/07/2024,12/09/2024
SRPXNS85,Narromine Renewable Energy Project - Solar - NSW,NSW,2821,6.740,Solar,10/07/2024,12/09/2024
SRPXVCN5,Bright Brewery - Solar - VIC,VIC,3741,0.171,Solar,23/08/2024,13/09/2024
SRPYNS03,Bunnings Minchinbury - Solar - NSW,NSW,2770,0.163,Solar,11/09/2024,13/09/2024
SRPXNSZ9,Bunnings Mittagong - Solar - NSW,NSW,2575,0.270,Solar,9/09/2024,13/09/2024
SRPXVCN6,Bunnings Port Melbourne - Solar - VIC,VIC,3207,0.340,Solar,23/08/2024,13/09/2024
SRPXNSZ3,Bunnings Tuggerah - Solar - NSW,NSW,2259,0.240,Solar,13/08/2024,13/09/2024
SRPXQLD2,DHLS33 Global Forwarding Project Lawson - Solar w SGU - QLD,QLD,4008,0.170,Solar,21/08/2024,13/09/2024
SRPXQLD3,Frenchville Sports Club - Solar - QLD,QLD,4701,0.373,Solar,29/08/2024,13/09/2024
SRPXNSZ4,ROCKMAN-SOLAR-NSW,NSW,2164,0.249,Solar,27/08/2024,13/09/2024
SRPXVCN1,"Taylors Road, Dandenong South - Solar - VIC",VIC,3175,1.500,Solar,9/08/2024,13/09/2024
SRPXQLC6,Wongaburra Society - Solar  - QLD,QLD,4285,0.358,Solar,16/07/2024,13/09/2024
SRPXNSZ0,Oran Park EN1 - Solar w SGU - NSW,NSW,2570,0.547,Solar,22/08/2024,17/09/2024
SRPXNSZ1,Oran Park EN2 - Solar w SGU - NSW,NSW,2570,0.275,Solar,22/08/2024,17/09/2024
SRPXVCN9,Bunnings Bayswater - Solar - VIC,VIC,3153,0.240,Solar,11/09/2024,18/09/2024
SRPXNSG9,Frenchs Forest - Solar w SGU - NSW,NSW,2086,0.257,Solar,20/08/2024,18/09/2024
SRPVQLY4,Macgregor Home Centre - Solar _ PV w/SGU - QLD,QLD,4109,0.537,Solar,28/06/2024,18/09/2024
SRPVWAL9,Region Group Stirlings Central - Solar - WA,WA,6530,0.759,Solar,8/08/2024,18/09/2024
SRPYNS01,Goodman AU183 Oakdale West 2C+2D - Solar - NSW,NSW,2178,0.420,Solar,8/09/2024,19/09/2024
SRPXVCO2,CHARTER HALL-MIDWEST 6 FOUNDERS -SOLAR-VIC,VIC,3029,0.375,Solar,19/09/2024,20/09/2024
SRPXQLC9,Duckworth St Garbutt - Solar - QLD,QLD,4814,0.424,Solar,29/07/2024,20/09/2024
SRPXNSZ6,Pet Care Kitchen - Solar - NSW,NSW,2870,0.502,Solar,4/09/2024,20/09/2024
SRPYNS07,Overall Forge - Solar -NSW,NSW,2640,0.471,Solar,17/09/2024,23/09/2024
SRPXNSY6,AGRIGHT GRIFFITH - Solar - NSW,NSW,2652,3.980,Solar,25/07/2024,24/09/2024
SRPVWAL8,Cunderdin Hybrid PV Solar and BESS - Solar - WA,WA,6407,127.932,Solar,19/08/2024,25/09/2024
WD00VC51,Golden Plains Wind Farm East - Wind - VIC,VIC,3330,756.400,Wind,18/09/2024,25/09/2024
SRPXQLC8,Cronos Steel - Solar w SGU � QLD,QLD,4131,0.174,Solar,26/07/2024,26/09/2024
SRPXNSZ2,Space Urban 110 Somersby Falls Rd - Solar - NSW,NSW,2250,0.199,Solar,26/08/2024,26/09/2024
SRPVWAM2,Tropicana-Solar-WA,WA,6431,24.135,Solar,16/09/2024,26/09/2024
BEBGSA09,Blue Lake Milling - Agricultural Waste - SA,SA,5268,1.200,Agricultural Waste,30/01/2023,1/10/2024
SRPXNSZ8,Clean Peak Energy - Cessnock - Solar - NSW,NSW,2325,0.459,Solar,9/09/2024,1/10/2024
SRPVSAW0,Redmud Green Energy 192 Pty Ltd - Solar - SA,SA,5254,6.326,Solar,4/09/2024,8/10/2024
SRPXNSW0,Newington College - Solar w SGU - NSW,NSW,2048,0.251,Solar,7/05/2024,8/10/2024
SRPXNSZ5,ISPT Fletcher Village - Solar w SGU - NSW,NSW,2287,0.150,Solar,28/08/2024,8/10/2024
SRPVWAJ7,Wesley College South Perth - Solar  - WA,WA,6151,0.599,Solar,15/12/2023,9/10/2024
SRPYNS14,Woolworths Fairy Meadow 1293 - Solar w SGU - NSW,NSW,2519,0.266,Solar,2/10/2024,9/10/2024
SRPXVCN7,BB Truss - Solar - VIC,VIC,3550,0.200,Solar,9/09/2024,9/10/2024
SRPYNS10,Mandole Orchard - Solar - NSW,NSW,2680,0.196,Solar,20/09/2024,9/10/2024
BEBGQL37,Urban Utilities Luggage Point Cogen - Biogas - QLD,QLD,4008,2.242,Sewage Gas and Biomass-Based Components of Sewage,13/12/2023,11/10/2024
SRPVWAM3,Jundee - Solar - WA,WA,6646,17.083,Solar,6/09/2024,11/10/2024
SRPXVCF8,Redmud Green Energy 184 Pty Ltd - Solar - VIC,VIC,3688,6.695,Solar,18/09/2024,11/10/2024
SRPVSAW8,Woodcroft Town Centre - Solar w SGU - SA,SA,5162,0.563,Solar,16/09/2024,11/10/2024
SRPXNSY8,Warrawong-Solar-NSW,NSW,2502,0.528,Solar,5/08/2024,11/10/2024
SRPXVCN8,Goodman Port Melbourne Store A1 & A2 - Solar - VIC,VIC,3207,0.400,Solar,8/09/2024,11/10/2024
SRPYNS12,CHARTER HALL-PC2004-MINTO-SOLAR-W SGU-NSW,NSW,2566,0.230,Solar,30/09/2024,11/10/2024
SRPXNSX3,Bishop Druitt College - Solar W/SGU - NSW,NSW,2450,0.211,Solar,3/06/2024,11/10/2024
SRPXNSX9,SANDVIK ORANGE - SOLAR - NSW,NSW,2800,0.150,Solar,14/06/2024,11/10/2024
SRPXQLD6,Kilcoy Cuisine - Solar - QLD,QLD,4551,1.155,Solar,13/09/2024,18/10/2024
SRPXQLD7,Mackay South Water Recycling Facility - Solar - QLD,QLD,4740,0.199,Solar,13/09/2024,21/10/2024
SRPVNSZ9,Sydney Lambs Pty Ltd - Solar w SGU - NSW,NSW,2140,0.160,Solar,4/07/2024,21/10/2024
SRPVWAM5,Bunnings Baldivis - Solar -WA,WA,6171,0.413,Solar,24/09/2024,22/10/2024
SRPVSAJ5,Agile Energy RFSA - 250kW Solar - SA,SA,5084,0.251,Solar,10/07/2024,22/10/2024
SRPXVCO1,DHL Mt Atkinson WHB - Solar w SGU -VIC,VIC,3029,0.200,Solar,13/09/2024,22/10/2024
SRPXNSZ7,Grong Grong Solar Farm - Solar - NSW,NSW,2652,1.755,Solar,9/09/2024,23/10/2024
SRPYNS05,AU186 Oakdale West 5A - Solar w SGU- NSW,NSW,2178,0.651,Solar,8/09/2024,23/10/2024
SRPYNS06,Charter Hall Cospak - Solar w SGU - NSW,NSW,2566,0.500,Solar,11/09/2024,23/10/2024
SRPYNS17,Gate Gourmet - Solar w SGU - NSW,NSW,2020,0.435,Solar,14/10/2024,23/10/2024
SRPYNS02,AU723 Goodman Amazon Centennary DC - Solar  w SGU - NSW,NSW,2170,0.410,Solar,8/09/2024,23/10/2024
WD00QL08,MacIntyre Wind Farm - Wind - QLD,QLD,4352,923.400,Wind,1/10/2024,24/10/2024
SRPVAC45,Belconnen Market - Solar w SGU - ACT,ACT,2617,0.540,Solar,20/08/2024,25/10/2024
SRPYNS11,Singleton Diggers Club - Solar w SGU - NSW,NSW,2330,0.187,Solar,30/09/2024,25/10/2024
SRPYNS15,The George Hospital - Solar - NSW,NSW,2557,0.121,Solar,10/10/2024,25/10/2024